created_at,updated_at,datetime,zone_key,production,capacity,source
2024-06-01 01:45:04.850232 +00:00,2024-06-01 01:45:04.850232 +00:00,2024-06-01 00:00:00.000000 +00:00,FR,"(551,0,391,,7889,34647,121,0,,5825,,820)",,entsoe.eu
2024-06-01 02:45:12.782429 +00:00,2024-06-01 02:45:12.782429 +00:00,2024-06-01 01:00:00.000000 +00:00,FR,"(552,0,426,,7734,34052,123,0,,5480,,1374)",,entsoe.eu
2024-06-01 03:45:05.612636 +00:00,2024-06-01 03:45:05.612636 +00:00,2024-06-01 02:00:00.000000 +00:00,FR,"(554,0,441,,7809,33194,125,0,,5507,,1742)",,entsoe.eu
2024-06-01 04:44:58.809789 +00:00,2024-06-01 04:44:58.809789 +00:00,2024-06-01 03:00:00.000000 +00:00,FR,"(553,0,437,,7502,32435,124,0,,5666,,2241)",,entsoe.eu
2024-06-01 05:44:54.980814 +00:00,2024-06-01 05:44:54.980814 +00:00,2024-06-01 04:00:00.000000 +00:00,FR,"(546,0,437,,7620,32532,125,402,,5616,,2111)",,entsoe.eu
2024-06-01 06:45:02.300028 +00:00,2024-06-01 06:45:02.300028 +00:00,2024-06-01 05:00:00.000000 +00:00,FR,"(547,0,436,,7727,32572,125,1266,,5634,,1449)",,entsoe.eu
2024-06-01 07:45:28.327679 +00:00,2024-06-01 07:45:28.327679 +00:00,2024-06-01 06:00:00.000000 +00:00,FR,"(549,0,429,,7667,32419,125,3224,,5700,,1290)",,entsoe.eu
2024-06-01 09:05:10.928792 +00:00,2024-06-01 09:05:10.928792 +00:00,2024-06-01 07:00:00.000000 +00:00,FR,"(550,0,422,,7915,32030,125,5342,,5759,,1052)",,entsoe.eu
2024-06-01 09:44:59.960898 +00:00,2024-06-01 09:44:59.960898 +00:00,2024-06-01 08:00:00.000000 +00:00,FR,"(544,0,434,,8652,31326,124,4891,,4035,,-77)",,entsoe.eu
2024-06-01 11:05:34.216934 +00:00,2024-06-01 11:05:34.216934 +00:00,2024-06-01 09:00:00.000000 +00:00,FR,"(545,0,452,,8353,31352,125,5757,,4257,,-1)",,entsoe.eu
2024-06-01 11:44:56.531433 +00:00,2024-06-01 11:44:56.531433 +00:00,2024-06-01 10:00:00.000000 +00:00,FR,"(541,0,450,,7518,30675,125,7925,,5455,,560)",,entsoe.eu
2024-06-01 12:45:05.944956 +00:00,2024-06-01 12:45:05.944956 +00:00,2024-06-01 11:00:00.000000 +00:00,FR,"(538,0,449,,7507,30878,125,6301,,4325,,1030)",,entsoe.eu
2024-06-01 13:45:04.238025 +00:00,2024-06-01 13:45:04.238025 +00:00,2024-06-01 12:00:00.000000 +00:00,FR,"(543,0,462,,6846,31176,125,6046,,4520,,2005)",,entsoe.eu
2024-06-01 14:45:10.130600 +00:00,2024-06-01 14:45:10.130600 +00:00,2024-06-01 13:00:00.000000 +00:00,FR,"(548,0,446,,6690,31142,125,5776,,4746,,2256)",,entsoe.eu
2024-06-01 15:45:06.752915 +00:00,2024-06-01 15:45:06.752915 +00:00,2024-06-01 14:00:00.000000 +00:00,FR,"(543,0,440,,6746,31384,125,4966,,4768,,2327)",,entsoe.eu
2024-06-01 16:44:52.908428 +00:00,2024-06-01 16:44:52.908428 +00:00,2024-06-01 15:00:00.000000 +00:00,FR,"(542,0,443,,7015,32005,125,3971,,4815,,1912)",,entsoe.eu
2024-06-01 17:45:12.337000 +00:00,2024-06-01 17:45:12.337000 +00:00,2024-06-01 16:00:00.000000 +00:00,FR,"(542,0,436,,7251,32184,125,3761,,6896,,1744)",,entsoe.eu
2024-06-01 18:45:09.612337 +00:00,2024-06-01 18:45:09.612337 +00:00,2024-06-01 17:00:00.000000 +00:00,FR,"(542,0,427,,7852,32859,125,2285,,7487,,258)",,entsoe.eu
2024-06-01 19:44:53.592081 +00:00,2024-06-01 19:44:53.592081 +00:00,2024-06-01 18:00:00.000000 +00:00,FR,"(544,0,433,,8014,33140,125,886,,7947,,-587)",,entsoe.eu
2024-06-01 20:44:57.539385 +00:00,2024-06-01 20:44:57.539385 +00:00,2024-06-01 19:00:00.000000 +00:00,FR,"(544,0,438,,8240,33243,125,326,,7460,,-991)",,entsoe.eu
2024-06-01 21:44:55.513685 +00:00,2024-06-01 21:44:55.513685 +00:00,2024-06-01 20:00:00.000000 +00:00,FR,"(544,0,439,,8616,33747,125,236,,6841,,-1885)",,entsoe.eu
2024-06-01 22:45:03.923771 +00:00,2024-06-01 22:45:03.923771 +00:00,2024-06-01 21:00:00.000000 +00:00,FR,"(546,0,446,,8465,33602,124,0,,6766,,-1984)",,entsoe.eu
2024-06-01 23:45:03.019266 +00:00,2024-06-01 23:45:03.019266 +00:00,2024-06-01 22:00:00.000000 +00:00,FR,"(549,0,443,,8173,33555,125,0,,6600,,-1568)",,entsoe.eu
2024-06-02 00:45:06.781518 +00:00,2024-06-02 00:45:06.781518 +00:00,2024-06-01 23:00:00.000000 +00:00,FR,"(548,0,442,,7945,33285,125,0,,6354,,-949)",,entsoe.eu
2024-06-02 01:44:46.569257 +00:00,2024-06-02 01:44:46.569257 +00:00,2024-06-02 00:00:00.000000 +00:00,FR,"(546,0,448,,7719,32493,125,0,,6171,,-195)",,entsoe.eu
2024-06-02 02:45:08.753062 +00:00,2024-06-02 02:45:08.753062 +00:00,2024-06-02 01:00:00.000000 +00:00,FR,"(544,0,449,,7421,31526,125,0,,5835,,727)",,entsoe.eu
2024-06-02 03:44:54.751599 +00:00,2024-06-02 03:44:54.751599 +00:00,2024-06-02 02:00:00.000000 +00:00,FR,"(542,0,448,,7315,31246,125,0,,5496,,1344)",,entsoe.eu
2024-06-02 04:44:51.424580 +00:00,2024-06-02 04:44:51.424580 +00:00,2024-06-02 03:00:00.000000 +00:00,FR,"(546,0,455,,7371,31255,125,0,,5195,,1634)",,entsoe.eu
2024-06-02 05:45:12.565040 +00:00,2024-06-02 05:45:12.565040 +00:00,2024-06-02 04:00:00.000000 +00:00,FR,"(547,0,459,,7322,31055,125,399,,4937,,1663)",,entsoe.eu
2024-06-02 06:45:13.016107 +00:00,2024-06-02 06:45:13.016107 +00:00,2024-06-02 05:00:00.000000 +00:00,FR,"(546,0,457,,7220,31066,125,1193,,5095,,2143)",,entsoe.eu
2024-06-02 07:45:06.808850 +00:00,2024-06-02 07:45:06.808850 +00:00,2024-06-02 06:00:00.000000 +00:00,FR,"(549,0,458,,7106,30837,125,2892,,5228,,2033)",,entsoe.eu
2024-06-02 09:06:32.231561 +00:00,2024-06-02 09:06:32.231561 +00:00,2024-06-02 07:00:00.000000 +00:00,FR,"(551,0,462,,6870,31066,125,3596,,3863,,1779)",,entsoe.eu
2024-06-02 09:44:56.598202 +00:00,2024-06-02 09:44:56.598202 +00:00,2024-06-02 08:00:00.000000 +00:00,FR,"(547,0,463,,6603,30796,125,4663,,4036,,1648)",,entsoe.eu
2024-06-02 10:45:10.017060 +00:00,2024-06-02 10:45:10.017060 +00:00,2024-06-02 09:00:00.000000 +00:00,FR,"(550,0,464,,6406,31166,125,5228,,3971,,1929)",,entsoe.eu
2024-06-02 11:44:59.483842 +00:00,2024-06-02 11:44:59.483842 +00:00,2024-06-02 10:00:00.000000 +00:00,FR,"(551,0,466,,6672,31462,125,5697,,3765,,1709)",,entsoe.eu
2024-06-02 12:45:00.866751 +00:00,2024-06-02 12:45:00.866751 +00:00,2024-06-02 11:00:00.000000 +00:00,FR,"(546,0,459,,6523,31062,124,5493,,3569,,2098)",,entsoe.eu
2024-06-02 13:45:16.426065 +00:00,2024-06-02 13:45:16.426065 +00:00,2024-06-02 12:00:00.000000 +00:00,FR,"(547,0,450,,5904,30687,125,5302,,3436,,2368)",,entsoe.eu
2024-06-02 14:45:02.023559 +00:00,2024-06-02 14:45:02.023559 +00:00,2024-06-02 13:00:00.000000 +00:00,FR,"(546,0,433,,5984,29905,125,5505,,3423,,2461)",,entsoe.eu
2024-06-02 15:45:07.146775 +00:00,2024-06-02 15:45:07.146775 +00:00,2024-06-02 14:00:00.000000 +00:00,FR,"(551,0,413,,6113,29777,125,5156,,3512,,2055)",,entsoe.eu
2024-06-02 17:04:57.126014 +00:00,2024-06-02 17:04:57.126014 +00:00,2024-06-02 15:00:00.000000 +00:00,FR,"(547,0,421,,6988,31042,125,4202,,3453,,1467)",,entsoe.eu
2024-06-02 17:44:51.942750 +00:00,2024-06-02 17:44:51.942750 +00:00,2024-06-02 16:00:00.000000 +00:00,FR,"(545,0,414,,7380,32488,125,3989,,4789,,1569)",,entsoe.eu
2024-06-02 18:45:02.047837 +00:00,2024-06-02 18:45:02.047837 +00:00,2024-06-02 17:00:00.000000 +00:00,FR,"(551,0,423,,8079,33589,545,2504,,4975,,-466)",,entsoe.eu
2024-06-02 19:45:05.966293 +00:00,2024-06-02 19:45:05.966293 +00:00,2024-06-02 18:00:00.000000 +00:00,FR,"(551,0,453,,8535,36113,1035,982,,4745,,-1319)",,entsoe.eu
2024-06-02 20:45:06.095098 +00:00,2024-06-02 20:45:06.095098 +00:00,2024-06-02 19:00:00.000000 +00:00,FR,"(553,0,456,,8670,37564,930,351,,4407,,-1254)",,entsoe.eu
2024-06-02 21:44:53.374040 +00:00,2024-06-02 21:44:53.374040 +00:00,2024-06-02 20:00:00.000000 +00:00,FR,"(550,0,465,,8746,37572,786,240,,4073,,-2219)",,entsoe.eu
2024-06-02 22:45:12.406234 +00:00,2024-06-02 22:45:12.406234 +00:00,2024-06-02 21:00:00.000000 +00:00,FR,"(544,0,481,,8365,37910,832,0,,37860,,-1630)",,entsoe.eu
2024-06-02 23:44:56.481968 +00:00,2024-06-02 23:44:56.481968 +00:00,2024-06-02 22:00:00.000000 +00:00,FR,"(541,0,461,,7897,38279,628,0,,37030,,-1990)",,entsoe.eu
2024-06-03 00:45:06.132983 +00:00,2024-06-03 00:45:06.132983 +00:00,2024-06-02 23:00:00.000000 +00:00,FR,"(541,0,444,,7633,38371,125,0,,3498,,-1407)",,entsoe.eu
2024-06-03 01:45:03.488094 +00:00,2024-06-03 01:45:03.488094 +00:00,2024-06-03 00:00:00.000000 +00:00,FR,"(540,0,444,,7214,38253,125,0,,3150,,-23)",,entsoe.eu
2024-06-03 02:44:55.347072 +00:00,2024-06-03 02:44:55.347072 +00:00,2024-06-03 01:00:00.000000 +00:00,FR,"(539,0,442,,6935,38499,125,0,,2850,,1120)",,entsoe.eu
2024-06-03 03:44:52.578113 +00:00,2024-06-03 03:44:52.578113 +00:00,2024-06-03 02:00:00.000000 +00:00,FR,"(545,0,446,,6944,38639,125,0,,2757,,940)",,entsoe.eu
2024-06-03 04:44:59.640223 +00:00,2024-06-03 04:44:59.640223 +00:00,2024-06-03 03:00:00.000000 +00:00,FR,"(546,0,467,,7008,38858,125,0,,2669,,-372)",,entsoe.eu
2024-06-03 05:45:07.693898 +00:00,2024-06-03 05:45:07.693898 +00:00,2024-06-03 04:00:00.000000 +00:00,FR,"(535,0,510,,7591,39277,722,449,,2470,,-1406)",,entsoe.eu
2024-06-03 06:45:04.843272 +00:00,2024-06-03 06:45:04.843272 +00:00,2024-06-03 05:00:00.000000 +00:00,FR,"(533,0,516,,7980,39360,1076,1518,,1988,,-1844)",,entsoe.eu
2024-06-03 07:44:58.392931 +00:00,2024-06-03 07:44:58.392931 +00:00,2024-06-03 06:00:00.000000 +00:00,FR,"(534,0,521,,7801,39565,1069,4132,,1520,,-1487)",,entsoe.eu
2024-06-03 08:45:00.229222 +00:00,2024-06-03 08:45:00.229222 +00:00,2024-06-03 07:00:00.000000 +00:00,FR,"(530,0,519,,7584,39363,867,7054,,1375,,-793)",,entsoe.eu
2024-06-03 09:45:03.904618 +00:00,2024-06-03 09:45:03.904618 +00:00,2024-06-03 08:00:00.000000 +00:00,FR,"(528,0,466,,7486,39524,420,9130,,1420,,-543)",,entsoe.eu
2024-06-03 10:45:06.975950 +00:00,2024-06-03 10:45:06.975950 +00:00,2024-06-03 09:00:00.000000 +00:00,FR,"(530,0,466,,7162,38925,417,10294,,1416,,-244)",,entsoe.eu
2024-06-03 11:45:03.020010 +00:00,2024-06-03 11:45:03.020010 +00:00,2024-06-03 10:00:00.000000 +00:00,FR,"(531,0,468,,7217,38690,413,10927,,1407,,-312)",,entsoe.eu
2024-06-03 12:46:14.449597 +00:00,2024-06-03 12:46:14.449597 +00:00,2024-06-03 11:00:00.000000 +00:00,FR,"(533,0,470,,7157,38483,399,11183,,1462,,177)",,entsoe.eu
2024-06-03 13:45:07.666571 +00:00,2024-06-03 13:45:07.666571 +00:00,2024-06-03 12:00:00.000000 +00:00,FR,"(530,0,469,,7032,37245,397,11244,,1562,,712)",,entsoe.eu
2024-06-03 14:45:00.049133 +00:00,2024-06-03 14:45:00.049133 +00:00,2024-06-03 13:00:00.000000 +00:00,FR,"(530,0,467,,7180,36573,341,10848,,1779,,659)",,entsoe.eu
2024-06-03 15:45:02.155333 +00:00,2024-06-03 15:45:02.155333 +00:00,2024-06-03 14:00:00.000000 +00:00,FR,"(538,0,458,,7297,36578,335,10068,,1920,,637)",,entsoe.eu
2024-06-03 16:45:10.777077 +00:00,2024-06-03 16:45:10.777077 +00:00,2024-06-03 15:00:00.000000 +00:00,FR,"(540,0,459,,7559,37568,336,8399,,2024,,1095)",,entsoe.eu
2024-06-03 17:49:23.512949 +00:00,2024-06-03 17:49:23.512949 +00:00,2024-06-03 16:00:00.000000 +00:00,FR,"(532,0,458,,8245,38104,336,5843,,2088,,633)",,entsoe.eu
2024-06-03 18:45:03.094457 +00:00,2024-06-03 18:45:03.094457 +00:00,2024-06-03 17:00:00.000000 +00:00,FR,"(540,0,457,,8881,38931,337,3078,,2146,,-1143)",,entsoe.eu
2024-06-03 19:44:52.887101 +00:00,2024-06-03 19:44:52.887101 +00:00,2024-06-03 18:00:00.000000 +00:00,FR,"(543,0,469,,9072,39203,340,1128,,1978,,-2590)",,entsoe.eu
2024-06-03 20:45:11.509805 +00:00,2024-06-03 20:45:11.509805 +00:00,2024-06-03 19:00:00.000000 +00:00,FR,"(542,0,490,,9345,39282,143,368,,1955,,-2570)",,entsoe.eu
2024-06-03 21:45:11.180842 +00:00,2024-06-03 21:45:11.180842 +00:00,2024-06-03 20:00:00.000000 +00:00,FR,"(540,0,491,,9262,39193,126,242,,1989,,-2233)",,entsoe.eu
2024-06-03 22:45:01.422048 +00:00,2024-06-03 22:45:01.422048 +00:00,2024-06-03 21:00:00.000000 +00:00,FR,"(537,0,464,,9420,39495,126,0,,1861,,-2281)",,entsoe.eu
2024-06-03 23:44:59.002823 +00:00,2024-06-03 23:44:59.002823 +00:00,2024-06-03 22:00:00.000000 +00:00,FR,"(537,0,460,,9088,39535,125,0,,1632,,-2290)",,entsoe.eu
2024-06-04 00:44:59.153821 +00:00,2024-06-04 00:44:59.153821 +00:00,2024-06-03 23:00:00.000000 +00:00,FR,"(546,0,469,,8965,39840,125,0,,1417,,-1470)",,entsoe.eu
2024-06-04 01:44:47.055303 +00:00,2024-06-04 01:44:47.055303 +00:00,2024-06-04 00:00:00.000000 +00:00,FR,"(540,0,472,,8747,39443,125,0,,1195,,-1305)",,entsoe.eu
2024-06-04 02:44:55.710598 +00:00,2024-06-04 02:44:55.710598 +00:00,2024-06-04 01:00:00.000000 +00:00,FR,"(541,0,474,,8329,39144,125,0,,1054,,-763)",,entsoe.eu
2024-06-04 03:44:59.883749 +00:00,2024-06-04 03:44:59.883749 +00:00,2024-06-04 02:00:00.000000 +00:00,FR,"(538,0,469,,8060,39109,125,0,,985,,-467)",,entsoe.eu
2024-06-04 04:45:15.033595 +00:00,2024-06-04 04:45:15.033595 +00:00,2024-06-04 03:00:00.000000 +00:00,FR,"(538,0,450,,8155,39776,125,0,,970,,-895)",,entsoe.eu
2024-06-04 05:45:38.157541 +00:00,2024-06-04 05:45:38.157541 +00:00,2024-06-04 04:00:00.000000 +00:00,FR,"(536,0,428,,8273,39514,125,494,,985,,-1020)",,entsoe.eu
2024-06-04 06:45:22.612740 +00:00,2024-06-04 06:45:22.612740 +00:00,2024-06-04 05:00:00.000000 +00:00,FR,"(534,0,426,,8683,39569,125,1676,,1050,,-1993)",,entsoe.eu
2024-06-04 07:46:21.871992 +00:00,2024-06-04 07:46:21.871992 +00:00,2024-06-04 06:00:00.000000 +00:00,FR,"(528,0,432,,8285,39565,126,4151,,983,,-1591)",,entsoe.eu
2024-06-04 08:45:09.422973 +00:00,2024-06-04 08:45:09.422973 +00:00,2024-06-04 07:00:00.000000 +00:00,FR,"(532,0,456,,8069,39652,125,7055,,901,,-1416)",,entsoe.eu
2024-06-04 09:45:00.936167 +00:00,2024-06-04 09:45:00.936167 +00:00,2024-06-04 08:00:00.000000 +00:00,FR,"(529,0,454,,7568,39308,125,9680,,923,,-500)",,entsoe.eu
2024-06-04 10:44:59.662673 +00:00,2024-06-04 10:44:59.662673 +00:00,2024-06-04 09:00:00.000000 +00:00,FR,"(531,0,451,,7443,38890,125,11414,,1104,,-45)",,entsoe.eu
2024-06-04 11:45:11.466584 +00:00,2024-06-04 11:45:11.466584 +00:00,2024-06-04 10:00:00.000000 +00:00,FR,"(527,0,450,,7341,38645,125,12416,,1436,,-132)",,entsoe.eu
2024-06-04 12:44:57.265797 +00:00,2024-06-04 12:44:57.265797 +00:00,2024-06-04 11:00:00.000000 +00:00,FR,"(527,0,448,,7376,36303,125,12608,,1879,,-232)",,entsoe.eu
2024-06-04 13:45:27.304131 +00:00,2024-06-04 13:45:27.304131 +00:00,2024-06-04 12:00:00.000000 +00:00,FR,"(529,0,456,,6752,35127,125,11988,,2276,,-555)",,entsoe.eu
2024-06-04 14:45:13.336599 +00:00,2024-06-04 14:45:13.336599 +00:00,2024-06-04 13:00:00.000000 +00:00,FR,"(532,0,451,,6915,35023,125,10255,,357,,-1382)",,entsoe.eu
2024-06-04 15:45:00.656978 +00:00,2024-06-04 15:45:00.656978 +00:00,2024-06-04 14:00:00.000000 +00:00,FR,"(530,0,472,,6945,34055,125,10185,,2678,,-73)",,entsoe.eu
2024-06-04 16:45:05.989105 +00:00,2024-06-04 16:45:05.989105 +00:00,2024-06-04 15:00:00.000000 +00:00,FR,"(534,0,483,,7287,34231,125,8525,,3354,,533)",,entsoe.eu
2024-06-04 17:45:09.970066 +00:00,2024-06-04 17:45:09.970066 +00:00,2024-06-04 16:00:00.000000 +00:00,FR,"(540,0,509,,8117,36714,484,6023,,3861,,185)",,entsoe.eu
2024-06-04 18:45:00.608420 +00:00,2024-06-04 18:45:00.608420 +00:00,2024-06-04 17:00:00.000000 +00:00,FR,"(544,0,511,,8960,38516,544,3251,,4388,,-1032)",,entsoe.eu
2024-06-04 19:45:02.448376 +00:00,2024-06-04 19:45:02.448376 +00:00,2024-06-04 18:00:00.000000 +00:00,FR,"(547,0,510,,8831,38282,543,1163,,4719,,-1586)",,entsoe.eu
2024-06-04 21:05:09.583889 +00:00,2024-06-04 21:05:09.583889 +00:00,2024-06-04 19:00:00.000000 +00:00,FR,"(545,0,504,,8956,38103,550,381,,4893,,-1438)",,entsoe.eu
2024-06-04 21:44:52.523935 +00:00,2024-06-04 21:44:52.523935 +00:00,2024-06-04 20:00:00.000000 +00:00,FR,"(546,0,503,,9373,38300,502,249,,4600,,-1736)",,entsoe.eu
2024-06-04 22:45:01.977335 +00:00,2024-06-04 22:45:01.977335 +00:00,2024-06-04 21:00:00.000000 +00:00,FR,"(543,0,471,,9376,38329,120,0,,4564,,-1403)",,entsoe.eu
2024-06-04 23:45:06.390322 +00:00,2024-06-04 23:45:06.390322 +00:00,2024-06-04 22:00:00.000000 +00:00,FR,"(543,0,474,,8541,37856,115,0,,4157,,-872)",,entsoe.eu
2024-06-05 00:45:03.252022 +00:00,2024-06-05 00:45:03.252022 +00:00,2024-06-04 23:00:00.000000 +00:00,FR,"(546,0,468,,8339,36510,115,0,,3574,,177)",,entsoe.eu
2024-06-05 01:48:22.914267 +00:00,2024-06-05 01:48:22.914267 +00:00,2024-06-05 00:00:00.000000 +00:00,FR,"(546,0,465,,7775,35784,115,0,,3265,,332)",,entsoe.eu
2024-06-05 02:44:54.881983 +00:00,2024-06-05 02:44:54.881983 +00:00,2024-06-05 01:00:00.000000 +00:00,FR,"(538,0,457,,7424,35887,115,0,,2874,,682)",,entsoe.eu
2024-06-05 03:44:49.859163 +00:00,2024-06-05 03:44:49.859163 +00:00,2024-06-05 02:00:00.000000 +00:00,FR,"(547,0,447,,7573,36315,115,0,,2364,,669)",,entsoe.eu
2024-06-05 04:45:01.383787 +00:00,2024-06-05 04:45:01.383787 +00:00,2024-06-05 03:00:00.000000 +00:00,FR,"(548,0,424,,8238,37012,115,0,,1826,,-394)",,entsoe.eu
2024-06-05 05:45:17.709157 +00:00,2024-06-05 05:45:17.709157 +00:00,2024-06-05 04:00:00.000000 +00:00,FR,"(544,0,428,,8680,38262,115,459,,1511,,-1361)",,entsoe.eu
2024-06-05 06:48:40.826153 +00:00,2024-06-05 06:48:40.826153 +00:00,2024-06-05 05:00:00.000000 +00:00,FR,"(546,0,512,,8733,38893,115,1476,,1295,,-1782)",,entsoe.eu
2024-06-05 07:45:00.959299 +00:00,2024-06-05 07:45:00.959299 +00:00,2024-06-05 06:00:00.000000 +00:00,FR,"(541,0,646,,8660,39570,116,3904,,1061,,-1468)",,entsoe.eu
2024-06-05 08:45:10.875181 +00:00,2024-06-05 08:45:10.875181 +00:00,2024-06-05 07:00:00.000000 +00:00,FR,"(533,0,666,,7982,39760,116,6815,,901,,-562)",,entsoe.eu
2024-06-05 09:45:12.402109 +00:00,2024-06-05 09:45:12.402109 +00:00,2024-06-05 08:00:00.000000 +00:00,FR,"(529,0,505,,7771,39040,116,9308,,953,,298)",,entsoe.eu
2024-06-05 10:45:02.345228 +00:00,2024-06-05 10:45:02.345228 +00:00,2024-06-05 09:00:00.000000 +00:00,FR,"(534,0,470,,7535,38636,116,11118,,1136,,860)",,entsoe.eu
2024-06-05 11:45:07.791126 +00:00,2024-06-05 11:45:07.791126 +00:00,2024-06-05 10:00:00.000000 +00:00,FR,"(540,0,466,,7383,37903,116,12360,,1428,,1182)",,entsoe.eu
2024-06-05 12:44:59.111792 +00:00,2024-06-05 12:44:59.111792 +00:00,2024-06-05 11:00:00.000000 +00:00,FR,"(542,0,461,,6886,36512,116,12447,,1756,,1339)",,entsoe.eu
2024-06-05 13:45:12.769302 +00:00,2024-06-05 13:45:12.769302 +00:00,2024-06-05 12:00:00.000000 +00:00,FR,"(544,0,470,,6607,36355,115,9502,,1783,,1354)",,entsoe.eu
2024-06-05 14:45:06.453595 +00:00,2024-06-05 14:45:06.453595 +00:00,2024-06-05 13:00:00.000000 +00:00,FR,"(548,0,477,,6414,35782,114,10907,,2457,,1290)",,entsoe.eu
2024-06-05 15:45:11.164857 +00:00,2024-06-05 15:45:11.164857 +00:00,2024-06-05 14:00:00.000000 +00:00,FR,"(549,0,479,,6711,36132,114,8436,,2299,,1167)",,entsoe.eu
2024-06-05 16:44:58.732396 +00:00,2024-06-05 16:44:58.732396 +00:00,2024-06-05 15:00:00.000000 +00:00,FR,"(544,0,473,,7430,36049,114,8374,,3034,,1540)",,entsoe.eu
2024-06-05 17:45:00.652170 +00:00,2024-06-05 17:45:00.652170 +00:00,2024-06-05 16:00:00.000000 +00:00,FR,"(548,0,474,,7965,37464,114,6267,,2931,,663)",,entsoe.eu
2024-06-05 18:44:59.122021 +00:00,2024-06-05 18:44:59.122021 +00:00,2024-06-05 17:00:00.000000 +00:00,FR,"(548,0,480,,9230,38827,114,3378,,2732,,-1649)",,entsoe.eu
2024-06-05 19:44:55.696764 +00:00,2024-06-05 19:44:55.696764 +00:00,2024-06-05 18:00:00.000000 +00:00,FR,"(547,0,480,,9329,39131,114,1217,,2503,,-2731)",,entsoe.eu
2024-06-05 20:45:05.153710 +00:00,2024-06-05 20:45:05.153710 +00:00,2024-06-05 19:00:00.000000 +00:00,FR,"(548,0,473,,9383,39578,115,405,,2224,,-2660)",,entsoe.eu
2024-06-05 21:44:56.023919 +00:00,2024-06-05 21:44:56.023919 +00:00,2024-06-05 20:00:00.000000 +00:00,FR,"(542,0,472,,9336,39663,116,254,,2047,,-2562)",,entsoe.eu
2024-06-05 22:44:57.126951 +00:00,2024-06-05 22:44:57.126951 +00:00,2024-06-05 21:00:00.000000 +00:00,FR,"(551,0,477,,9564,39929,116,0,,1958,,-2625)",,entsoe.eu
2024-06-05 23:45:04.434662 +00:00,2024-06-05 23:45:04.434662 +00:00,2024-06-05 22:00:00.000000 +00:00,FR,"(554,0,474,,9331,40032,116,0,,1811,,-1870)",,entsoe.eu
2024-06-06 00:44:50.846386 +00:00,2024-06-06 00:44:50.846386 +00:00,2024-06-05 23:00:00.000000 +00:00,FR,"(559,0,477,,8727,39822,115,0,,1607,,-681)",,entsoe.eu
2024-06-06 01:45:03.503293 +00:00,2024-06-06 01:45:03.503293 +00:00,2024-06-06 00:00:00.000000 +00:00,FR,"(558,0,470,,8427,39624,115,0,,1443,,263)",,entsoe.eu
2024-06-06 02:44:59.003723 +00:00,2024-06-06 02:44:59.003723 +00:00,2024-06-06 01:00:00.000000 +00:00,FR,"(557,0,468,,8237,39614,115,0,,1387,,1041)",,entsoe.eu
2024-06-06 03:44:52.245596 +00:00,2024-06-06 03:44:52.245596 +00:00,2024-06-06 02:00:00.000000 +00:00,FR,"(552,0,466,,7914,39422,115,0,,1367,,1676)",,entsoe.eu
2024-06-06 04:45:00.448408 +00:00,2024-06-06 04:45:00.448408 +00:00,2024-06-06 03:00:00.000000 +00:00,FR,"(554,0,467,,7942,39615,115,0,,1380,,1513)",,entsoe.eu
2024-06-06 05:45:00.760208 +00:00,2024-06-06 05:45:00.760208 +00:00,2024-06-06 04:00:00.000000 +00:00,FR,"(552,0,470,,8398,39730,115,489,,1478,,339)",,entsoe.eu
2024-06-06 06:45:02.935549 +00:00,2024-06-06 06:45:02.935549 +00:00,2024-06-06 05:00:00.000000 +00:00,FR,"(549,0,478,,8921,40108,115,1476,,1630,,-1341)",,entsoe.eu
2024-06-06 07:45:00.916525 +00:00,2024-06-06 07:45:00.916525 +00:00,2024-06-06 06:00:00.000000 +00:00,FR,"(546,0,487,,8504,40080,116,3514,,1434,,-1517)",,entsoe.eu
2024-06-06 09:05:04.948982 +00:00,2024-06-06 09:05:04.948982 +00:00,2024-06-06 07:00:00.000000 +00:00,FR,"(551,0,493,,8257,40009,117,6219,,1290,,-1450)",,entsoe.eu
2024-06-06 10:04:57.661926 +00:00,2024-06-06 10:04:57.661926 +00:00,2024-06-06 08:00:00.000000 +00:00,FR,"(551,0,496,,7599,39407,117,8844,,1215,,-48)",,entsoe.eu
2024-06-06 10:45:20.399005 +00:00,2024-06-06 10:45:20.399005 +00:00,2024-06-06 09:00:00.000000 +00:00,FR,"(550,0,498,,7327,38969,116,11173,,1124,,595)",,entsoe.eu
2024-06-06 11:45:04.369565 +00:00,2024-06-06 11:45:04.369565 +00:00,2024-06-06 10:00:00.000000 +00:00,FR,"(546,0,499,,7264,38840,116,12327,,1192,,1002)",,entsoe.eu
2024-06-06 12:45:18.104596 +00:00,2024-06-06 12:45:18.104596 +00:00,2024-06-06 11:00:00.000000 +00:00,FR,"(546,0,498,,7046,38807,116,12390,,1365,,1258)",,entsoe.eu
2024-06-06 13:44:59.179131 +00:00,2024-06-06 13:44:59.179131 +00:00,2024-06-06 12:00:00.000000 +00:00,FR,"(546,0,499,,6879,38404,116,12000,,1504,,1310)",,entsoe.eu
2024-06-06 14:45:00.924745 +00:00,2024-06-06 14:45:00.924745 +00:00,2024-06-06 13:00:00.000000 +00:00,FR,"(545,0,498,,6631,38329,117,11421,,1700,,1301)",,entsoe.eu
2024-06-06 15:45:11.046537 +00:00,2024-06-06 15:45:11.046537 +00:00,2024-06-06 14:00:00.000000 +00:00,FR,"(540,0,494,,7007,38589,116,10379,,1860,,1295)",,entsoe.eu
2024-06-06 16:45:12.593278 +00:00,2024-06-06 16:45:12.593278 +00:00,2024-06-06 15:00:00.000000 +00:00,FR,"(538,0,495,,7928,38918,116,8605,,1965,,-262)",,entsoe.eu
2024-06-06 17:45:25.429409 +00:00,2024-06-06 17:45:25.429409 +00:00,2024-06-06 16:00:00.000000 +00:00,FR,"(535,0,456,,8944,39280,115,6124,,2104,,-1497)",,entsoe.eu
2024-06-06 18:44:59.624911 +00:00,2024-06-06 18:44:59.624911 +00:00,2024-06-06 17:00:00.000000 +00:00,FR,"(538,0,441,,9261,39630,115,3342,,2275,,-1988)",,entsoe.eu
2024-06-06 19:45:08.063270 +00:00,2024-06-06 19:45:08.063270 +00:00,2024-06-06 18:00:00.000000 +00:00,FR,"(539,0,436,,9311,39745,115,1239,,2409,,-2388)",,entsoe.eu
2024-06-06 20:44:56.768931 +00:00,2024-06-06 20:44:56.768931 +00:00,2024-06-06 19:00:00.000000 +00:00,FR,"(539,0,433,,9223,39977,115,400,,2521,,-2333)",,entsoe.eu
2024-06-06 21:45:04.938018 +00:00,2024-06-06 21:45:04.938018 +00:00,2024-06-06 20:00:00.000000 +00:00,FR,"(541,0,469,,9235,39906,721,254,,2729,,-2264)",,entsoe.eu
2024-06-06 22:44:59.787254 +00:00,2024-06-06 22:44:59.787254 +00:00,2024-06-06 21:00:00.000000 +00:00,FR,"(543,0,463,,9550,39793,924,0,,3005,,-1809)",,entsoe.eu
2024-06-06 23:44:53.974705 +00:00,2024-06-06 23:44:53.974705 +00:00,2024-06-06 22:00:00.000000 +00:00,FR,"(544,0,440,,9128,39645,638,0,,3046,,-1211)",,entsoe.eu
2024-06-07 00:45:02.312801 +00:00,2024-06-07 00:45:02.312801 +00:00,2024-06-06 23:00:00.000000 +00:00,FR,"(548,0,423,,8972,39631,115,0,,2910,,-463)",,entsoe.eu
2024-06-07 01:44:54.353381 +00:00,2024-06-07 01:44:54.353381 +00:00,2024-06-07 00:00:00.000000 +00:00,FR,"(549,0,425,,8657,39425,114,0,,2660,,-366)",,entsoe.eu
2024-06-07 02:45:02.292589 +00:00,2024-06-07 02:45:02.292589 +00:00,2024-06-07 01:00:00.000000 +00:00,FR,"(534,0,422,,8192,39236,115,0,,2477,,96)",,entsoe.eu
2024-06-07 03:45:31.575189 +00:00,2024-06-07 03:45:31.575189 +00:00,2024-06-07 02:00:00.000000 +00:00,FR,"(532,0,429,,7768,39497,115,0,,2169,,303)",,entsoe.eu
2024-06-07 04:44:59.589391 +00:00,2024-06-07 04:44:59.589391 +00:00,2024-06-07 03:00:00.000000 +00:00,FR,"(529,0,449,,7950,39689,115,0,,1947,,-253)",,entsoe.eu
2024-06-07 05:45:16.564285 +00:00,2024-06-07 05:45:16.564285 +00:00,2024-06-07 04:00:00.000000 +00:00,FR,"(531,0,468,,8743,40198,115,501,,1875,,-1375)",,entsoe.eu
2024-06-07 06:46:49.980505 +00:00,2024-06-07 06:46:49.980505 +00:00,2024-06-07 05:00:00.000000 +00:00,FR,"(535,0,509,,9204,40357,115,1566,,1727,,-2318)",,entsoe.eu
2024-06-07 07:48:44.388122 +00:00,2024-06-07 07:48:44.388122 +00:00,2024-06-07 06:00:00.000000 +00:00,FR,"(533,0,673,,9312,40480,116,3694,,1150,,-2587)",,entsoe.eu
2024-06-07 08:45:08.840294 +00:00,2024-06-07 08:45:08.840294 +00:00,2024-06-07 07:00:00.000000 +00:00,FR,"(530,0,759,,9042,40385,116,6128,,972,,-1449)",,entsoe.eu
2024-06-07 09:48:57.001452 +00:00,2024-06-07 09:48:57.001452 +00:00,2024-06-07 08:00:00.000000 +00:00,FR,"(523,0,702,,8242,40090,116,8473,,850,,-464)",,entsoe.eu
2024-06-07 10:45:06.831630 +00:00,2024-06-07 10:45:06.831630 +00:00,2024-06-07 09:00:00.000000 +00:00,FR,"(520,0,704,,8087,39808,115,9747,,798,,-25)",,entsoe.eu
2024-06-07 11:44:59.597155 +00:00,2024-06-07 11:44:59.597155 +00:00,2024-06-07 10:00:00.000000 +00:00,FR,"(525,0,698,,7870,39268,115,10448,,870,,782)",,entsoe.eu
2024-06-07 12:45:10.298049 +00:00,2024-06-07 12:45:10.298049 +00:00,2024-06-07 11:00:00.000000 +00:00,FR,"(525,0,690,,7420,39220,115,10581,,937,,1227)",,entsoe.eu
2024-06-07 13:45:01.040642 +00:00,2024-06-07 13:45:01.040642 +00:00,2024-06-07 12:00:00.000000 +00:00,FR,"(525,0,501,,7072,38464,115,10591,,1077,,1221)",,entsoe.eu
2024-06-07 14:45:06.304140 +00:00,2024-06-07 14:45:06.304140 +00:00,2024-06-07 13:00:00.000000 +00:00,FR,"(532,0,478,,7010,38840,114,10313,,1150,,1348)",,entsoe.eu
2024-06-07 15:45:01.255779 +00:00,2024-06-07 15:45:01.255779 +00:00,2024-06-07 14:00:00.000000 +00:00,FR,"(534,0,476,,7528,38670,114,9499,,1254,,1215)",,entsoe.eu
2024-06-07 16:45:05.781262 +00:00,2024-06-07 16:45:05.781262 +00:00,2024-06-07 15:00:00.000000 +00:00,FR,"(540,0,476,,8320,39588,113,7708,,1282,,299)",,entsoe.eu
2024-06-07 17:44:59.108604 +00:00,2024-06-07 17:44:59.108604 +00:00,2024-06-07 16:00:00.000000 +00:00,FR,"(538,0,475,,8994,40695,114,5400,,1197,,-1204)",,entsoe.eu
2024-06-07 18:45:54.498655 +00:00,2024-06-07 18:45:54.498655 +00:00,2024-06-07 17:00:00.000000 +00:00,FR,"(536,0,464,,9371,40873,114,2956,,1187,,-1599)",,entsoe.eu
2024-06-07 19:45:01.851298 +00:00,2024-06-07 19:45:01.851298 +00:00,2024-06-07 18:00:00.000000 +00:00,FR,"(541,0,461,,9562,40513,114,1144,,1355,,-1945)",,entsoe.eu
2024-06-07 20:44:59.732662 +00:00,2024-06-07 20:44:59.732662 +00:00,2024-06-07 19:00:00.000000 +00:00,FR,"(542,0,457,,9661,40453,114,391,,1609,,-2175)",,entsoe.eu
2024-06-07 21:44:57.563902 +00:00,2024-06-07 21:44:57.563902 +00:00,2024-06-07 20:00:00.000000 +00:00,FR,"(543,0,485,,9886,39614,468,259,,1849,,-2613)",,entsoe.eu
2024-06-07 22:44:51.211788 +00:00,2024-06-07 22:44:51.211788 +00:00,2024-06-07 21:00:00.000000 +00:00,FR,"(542,0,488,,9827,38888,728,0,,2096,,-2428)",,entsoe.eu
2024-06-07 23:45:13.536163 +00:00,2024-06-07 23:45:13.536163 +00:00,2024-06-07 22:00:00.000000 +00:00,FR,"(541,0,463,,9453,38083,456,0,,2173,,-1867)",,entsoe.eu
2024-06-08 00:44:59.007637 +00:00,2024-06-08 00:44:59.007637 +00:00,2024-06-07 23:00:00.000000 +00:00,FR,"(541,0,444,,8863,37341,124,0,,2451,,-892)",,entsoe.eu
2024-06-08 01:44:54.816713 +00:00,2024-06-08 01:44:54.816713 +00:00,2024-06-08 00:00:00.000000 +00:00,FR,"(536,0,446,,8168,36473,124,0,,2512,,180)",,entsoe.eu
